,Unnamed: 0,Date,Oil,Gas,Water,Tubing Pressure,Casing Pressure,Well,Months,EUR_OIL,EUR_GAS,LENGTH,PROP_FT,FLUID_FT,X,Y
0,0,4/1/2012,8266,41330,13540,0,2765,Foraker_1H,0,56,1055,10200,1800,1980,35.5,102.4
1,1,5/1/2012,45397.6,226988,18589,0,8000,Foraker_1H,1,56,1055,10200,1800,1980,35.5,102.4
2,2,6/1/2012,41113.6,205568,9337.9,0,8775,Foraker_1H,2,56,1055,10200,1800,1980,35.5,102.4
3,3,7/1/2012,39256.8,196284,6746.1,0,11005,Foraker_1H,3,56,1055,10200,1800,1980,35.5,102.4
4,4,8/1/2012,27467.4,137337,4779.4,0,22660,Foraker_1H,4,56,1055,10200,1800,1980,35.5,102.4
5,5,9/1/2012,37805.6,189028,5681,0,6285,Foraker_1H,5,56,1055,10200,1800,1980,35.5,102.4
6,6,10/1/2012,33189.2,165946,4879,0,4090,Foraker_1H,6,56,1055,10200,1800,1980,35.5,102.4
7,7,11/1/2012,29192.8,145964,4357,0,3980,Foraker_1H,7,56,1055,10200,1800,1980,35.5,102.4
8,8,12/1/2012,27593.6,137968,4044,0,4180,Foraker_1H,8,56,1055,10200,1800,1980,35.5,102.4
9,9,1/1/2013,25531,127655,3636,0,4030,Foraker_1H,9,56,1055,10200,1800,1980,35.5,102.4
10,10,2/1/2013,21664.6,108323,3079.6,0,3640,Foraker_1H,10,56,1055,10200,1800,1980,35.5,102.4
11,11,3/1/2013,22484.4,112422,3026.6,0,4020,Foraker_1H,11,56,1055,10200,1800,1980,35.5,102.4
12,12,4/1/2013,20338,101690,2394.9,0,3390,Foraker_1H,12,56,1055,10200,1800,1980,35.5,102.4
13,13,5/1/2013,19983.6,99918,2791.5,0,2970,Foraker_1H,13,56,1055,10200,1800,1980,35.5,102.4
14,14,6/1/2013,17771.8,88859,2454.6,0,3530,Foraker_1H,14,56,1055,10200,1800,1980,35.5,102.4
15,15,7/1/2013,18289.8,91449,1012,0,4650,Foraker_1H,15,56,1055,10200,1800,1980,35.5,102.4
16,16,8/1/2013,15181,75905,749.2,0,4425,Foraker_1H,16,56,1055,10200,1800,1980,35.5,102.4
17,17,9/1/2013,12519.6,62598,1886.3,4980,0,Foraker_1H,17,56,1055,10200,1800,1980,35.5,102.4
18,18,10/1/2013,14477.8,72389,2203.5,3540,0,Foraker_1H,18,56,1055,10200,1800,1980,35.5,102.4
19,19,11/1/2013,13734.2,68671,2079,3000,0,Foraker_1H,19,56,1055,10200,1800,1980,35.5,102.4
20,20,12/1/2013,13859.8,69299,2041,3010,0,Foraker_1H,20,56,1055,10200,1800,1980,35.5,102.4
21,21,1/1/2014,13527,67635,2018,2635,0,Foraker_1H,21,56,1055,10200,1800,1980,35.5,102.4
22,22,2/1/2014,11890,59450,1805,2405,0,Foraker_1H,22,56,1055,10200,1800,1980,35.5,102.4
23,23,3/1/2014,12828.2,64141,1939.1,2755,0,Foraker_1H,23,56,1055,10200,1800,1980,35.5,102.4
24,24,4/1/2014,12143,60715,1849,2700,0,Foraker_1H,24,56,1055,10200,1800,1980,35.5,102.4
25,25,5/1/2014,12183.8,60919,1585,2790,0,Foraker_1H,25,56,1055,10200,1800,1980,35.5,102.4
26,26,6/1/2014,11547.6,57738,807.2999999,2700,0,Foraker_1H,26,56,1055,10200,1800,1980,35.5,102.4
27,27,7/1/2014,11742.4,58712,628,2790,0,Foraker_1H,27,56,1055,10200,1800,1980,35.5,102.4
28,28,8/1/2014,11476,57380,593,2790,0,Foraker_1H,28,56,1055,10200,1800,1980,35.5,102.4
29,29,9/1/2014,10848.6,54243,563,2700,0,Foraker_1H,29,56,1055,10200,1800,1980,35.5,102.4
30,30,10/1/2014,11024.4,55122,405,2790,0,Foraker_1H,30,56,1055,10200,1800,1980,35.5,102.4
31,31,11/1/2014,10437.2,52186,407,2700,0,Foraker_1H,31,56,1055,10200,1800,1980,35.5,102.4
32,32,12/1/2014,10472,52360,377,2790,0,Foraker_1H,32,56,1055,10200,1800,1980,35.5,102.4
33,33,1/1/2015,10296.4,51482,359,2790,0,Foraker_1H,33,56,1055,10200,1800,1980,35.5,102.4
34,34,2/1/2015,9081.6,45408,378,2430,0,Foraker_1H,34,56,1055,10200,1800,1980,35.5,102.4
35,35,3/1/2015,9841.8,49209,426,2480,0,Foraker_1H,35,56,1055,10200,1800,1980,35.5,102.4
36,36,4/1/2015,9353.6,46768,293,2400,0,Foraker_1H,36,56,1055,10200,1800,1980,35.5,102.4
37,37,5/1/2015,9523,47615,261,2480,0,Foraker_1H,37,56,1055,10200,1800,1980,35.5,102.4
38,38,6/1/2015,9093.8,45469,176.2999999,2400,0,Foraker_1H,38,56,1055,10200,1800,1980,35.5,102.4
39,39,7/1/2015,9109.6,45548,598,2480,0,Foraker_1H,39,56,1055,10200,1800,1980,35.5,102.4
40,40,8/1/2015,9070.4,45352,5524,2480,0,Foraker_1H,40,56,1055,10200,1800,1980,35.5,102.4
41,41,9/1/2015,659.2,3296,930,14580,0,Foraker_1H,41,56,1055,10200,1800,1980,35.5,102.4
42,42,10/1/2015,0,0,0,15500,0,Foraker_1H,42,56,1055,10200,1800,1980,35.5,102.4
43,43,11/1/2015,1478.8,7394,317,14820,1000,Foraker_1H,43,56,1055,10200,1800,1980,35.5,102.4
44,44,12/1/2015,2146.4,10732,1160,12500,7950,Foraker_1H,44,56,1055,10200,1800,1980,35.5,102.4
45,45,1/1/2016,6562.6,32813,2633,3100,13950,Foraker_1H,45,56,1055,10200,1800,1980,35.5,102.4
46,46,2/1/2016,6339.6,31698,1856,2900,13050,Foraker_1H,46,56,1055,10200,1800,1980,35.5,102.4
47,47,3/1/2016,6668.2,33341,1500,3100,13950,Foraker_1H,47,56,1055,10200,1800,1980,35.5,102.4
48,48,4/1/2016,6140.2,30701,1197,3000,13500,Foraker_1H,48,56,1055,10200,1800,1980,35.5,102.4
49,49,5/1/2016,6007.6,30038,1005,3100,13950,Foraker_1H,49,56,1055,10200,1800,1980,35.5,102.4
50,50,6/1/2016,5731,28655,765,3000,13500,Foraker_1H,50,56,1055,10200,1800,1980,35.5,102.4
51,51,7/1/2016,5626.6,28133,920,3100,13950,Foraker_1H,51,56,1055,10200,1800,1980,35.5,102.4
52,52,8/1/2016,5449.6,27248,951,3100,13950,Foraker_1H,52,56,1055,10200,1800,1980,35.5,102.4
53,53,9/1/2016,5286.6,26433,955,3000,13500,Foraker_1H,53,56,1055,10200,1800,1980,35.5,102.4
54,54,10/1/2016,3134,15670,796,10320,1800,Foraker_1H,54,56,1055,10200,1800,1980,35.5,102.4
55,55,11/1/2016,5242.6,26213,650,2345,13050,Foraker_1H,55,56,1055,10200,1800,1980,35.5,102.4
56,56,12/1/2016,5345.210511,26726.05256,629,2945,13950,Foraker_1H,56,56,1055,10200,1800,1980,35.5,102.4
57,57,1/1/2017,5101.70785,25508.53925,542,2945,13950,Foraker_1H,57,56,1055,10200,1800,1980,35.5,102.4
58,58,2/1/2017,4274.615836,21373.07918,505,2660,12600,Foraker_1H,58,56,1055,10200,1800,1980,35.5,102.4
59,59,3/1/2017,4720.839317,23604.19659,673,3025,13950,Foraker_1H,59,56,1055,10200,1800,1980,35.5,102.4
60,60,4/1/2017,4448.761638,22243.80819,334,3000,13500,Foraker_1H,60,56,1055,10200,1800,1980,35.5,102.4
61,61,5/1/2017,2919.254744,14596.27372,185,12010,12100,Foraker_1H,61,56,1055,10200,1800,1980,35.5,102.4
62,62,6/1/2017,4385.819795,21929.09898,256,6000,10050,Foraker_1H,62,56,1055,10200,1800,1980,35.5,102.4
63,63,7/1/2017,4635.174061,23175.87031,348,6200,20150,Foraker_1H,63,56,1055,10200,1800,1980,35.5,102.4
64,64,8/1/2017,4824.430179,24122.15089,632.0999995,3420,14290,Foraker_1H,64,56,1055,10200,1800,1980,35.5,102.4
65,65,9/1/2017,4369.561963,21847.80981,681.9999991,3000,12250,Foraker_1H,65,56,1055,10200,1800,1980,35.5,102.4
66,66,10/1/2017,4732.962619,23664.8131,590.2999987,3100,17050,Foraker_1H,66,56,1055,10200,1800,1980,35.5,102.4
67,67,11/1/2017,4523.883897,22619.41949,498.0999988,3000,16500,Foraker_1H,67,56,1055,10200,1800,1980,35.5,102.4
68,68,12/1/2017,4527.17488,22635.8744,482.2999991,3100,8500,Foraker_1H,68,56,1055,10200,1800,1980,35.5,102.4
69,69,1/1/2018,4396,21980,429.1999991,3100,3100,Foraker_1H,69,56,1055,10200,1800,1980,35.5,102.4
70,70,2/1/2018,3858.56942,19292.8471,390.9999988,2680,5200,Foraker_1H,70,56,1055,10200,1800,1980,35.5,102.4
71,71,3/1/2018,4133.409966,20667.04983,367.1999988,2450,14300,Foraker_1H,71,56,1055,10200,1800,1980,35.5,102.4
72,72,4/1/2018,3834.108532,19170.54266,485.1999989,3410,5600,Foraker_1H,72,56,1055,10200,1800,1980,35.5,102.4
73,73,5/1/2018,4266.087509,21330.43754,448.9999986,2640,3825,Foraker_1H,73,56,1055,10200,1800,1980,35.5,102.4
74,74,6/1/2018,4142.592355,20712.96177,473.9999989,2275,3000,Foraker_1H,74,56,1055,10200,1800,1980,35.5,102.4
75,75,7/1/2018,3867.2,19336,482.299999,2739,4000,Foraker_1H,75,56,1055,10200,1800,1980,35.5,102.4
76,76,8/1/2018,3684.4,18422,475.0999994,3484,4124,Foraker_1H,76,56,1055,10200,1800,1980,35.5,102.4
77,77,9/1/2018,2558.6,12793,323.2999994,8349,3507,Foraker_1H,77,56,1055,10200,1800,1980,35.5,102.4
78,78,10/1/2018,3497.159045,17485.79522,352.2999993,3294,21093,Foraker_1H,78,56,1055,10200,1800,1980,35.5,102.4
79,79,11/1/2018,3810.552901,19052.76451,505.4999989,2418,22685,Foraker_1H,79,56,1055,10200,1800,1980,35.5,102.4
80,80,12/1/2018,3561.306212,17806.53106,451.0999993,2883,22940,Foraker_1H,80,56,1055,10200,1800,1980,35.5,102.4
81,81,1/1/2019,3441.63413,17208.17065,395.2,2817,25150,Foraker_1H,81,56,1055,10200,1800,1980,35.5,102.4
82,82,2/1/2019,3410.445188,17052.22594,427.6999999,1890,23400,Foraker_1H,82,56,1055,10200,1800,1980,35.5,102.4
83,83,3/1/2019,3435.407099,17177.0355,413.1,2455,25981,Foraker_1H,83,56,1055,10200,1800,1980,35.5,102.4
84,84,4/1/2019,3310.626898,16553.13449,333,2527,24405,Foraker_1H,84,56,1055,10200,1800,1980,35.5,102.4
85,85,5/1/2019,3616.995556,18084.97778,404,1840,25500,Foraker_1H,85,56,1055,10200,1800,1980,35.5,102.4
86,86,6/1/2019,3391.592679,16957.9634,394,1734,25230,Foraker_1H,86,56,1055,10200,1800,1980,35.5,102.4
87,87,7/1/2019,3232.561894,16162.80947,440,1705,24510,Foraker_1H,87,56,1055,10200,1800,1980,35.5,102.4
88,88,8/1/2019,3264.048325,16320.24163,526,2219,23520,Foraker_1H,88,56,1055,10200,1800,1980,35.5,102.4
89,89,9/1/2019,3134.244216,15671.22108,521,1735,21938,Foraker_1H,89,56,1055,10200,1800,1980,35.5,102.4
90,90,10/1/2019,3910.335195,19551.67597,923,2240,21708,Foraker_1H,90,56,1055,10200,1800,1980,35.5,102.4
91,91,11/1/2019,3852.691716,19263.45858,712,1565,17701,Foraker_1H,91,56,1055,10200,1800,1980,35.5,102.4
92,92,12/1/2019,3836.820017,19184.10009,690,1600,18150,Foraker_1H,92,56,1055,10200,1800,1980,35.5,102.4
93,93,1/1/2020,3581.11334,17905.5667,661,2549,18554,Foraker_1H,93,56,1055,10200,1800,1980,35.5,102.4
94,94,2/1/2020,3169.477844,15847.38922,574,1592,19402,Foraker_1H,94,56,1055,10200,1800,1980,35.5,102.4
95,95,3/1/2020,3335.044149,16675.22075,629,2140,19026,Foraker_1H,95,56,1055,10200,1800,1980,35.5,102.4
96,96,4/1/2020,3434.761689,17173.80845,601,1758,19461,Foraker_1H,96,56,1055,10200,1800,1980,35.5,102.4
97,97,5/1/2020,3340.80825,16704.04125,464,2189,17673,Foraker_1H,97,56,1055,10200,1800,1980,35.5,102.4
98,98,6/1/2020,3078.209418,15391.04709,523,1592,17795,Foraker_1H,98,56,1055,10200,1800,1980,35.5,102.4
99,99,7/1/2020,2793.287699,13966.4385,494,1636,17956,Foraker_1H,99,56,1055,10200,1800,1980,35.5,102.4
100,100,8/1/2020,3303.507846,16517.53923,609,1899,19057,Foraker_1H,100,56,1055,10200,1800,1980,35.5,102.4
101,101,9/1/2020,3430.792728,17153.96364,577,1365,18213,Foraker_1H,101,56,1055,10200,1800,1980,35.5,102.4
102,102,10/1/2020,3443.572299,17217.86149,526,1480,18885,Foraker_1H,102,56,1055,10200,1800,1980,35.5,102.4
103,103,11/1/2020,6000,15575.01731,457,1387,18153,Foraker_1H,103,56,1055,10200,1800,1980,35.5,102.4
104,0,4/1/2012,12781.4,63907,11828,0,3545,Foraker_2H,0,45,1289,9600,1400,1540,35.2,103.35
105,1,5/1/2012,42059.6,210298,8581.4,0,7590,Foraker_2H,1,45,1289,9600,1400,1540,35.2,103.35
106,2,6/1/2012,39746.6,198733,4054.299999,0,6715,Foraker_2H,2,45,1289,9600,1400,1540,35.2,103.35
107,3,7/1/2012,19197.2,95986,1093,0,36745,Foraker_2H,3,45,1289,9600,1400,1540,35.2,103.35
108,4,8/1/2012,34803.4,174017,2994.8,0,23555,Foraker_2H,4,45,1289,9600,1400,1540,35.2,103.35
109,5,9/1/2012,36379.8,181899,2852,0,5075,Foraker_2H,5,45,1289,9600,1400,1540,35.2,103.35
110,6,10/1/2012,32492.6,162463,2416,0,4050,Foraker_2H,6,45,1289,9600,1400,1540,35.2,103.35
111,7,11/1/2012,28815.4,144077,2058,0,4280,Foraker_2H,7,45,1289,9600,1400,1540,35.2,103.35
112,8,12/1/2012,26955.8,134779,1932,0,4790,Foraker_2H,8,45,1289,9600,1400,1540,35.2,103.35
113,9,1/1/2013,22893.6,114468,1490,0,8000,Foraker_2H,9,45,1289,9600,1400,1540,35.2,103.35
114,10,2/1/2013,20595.2,102976,1380.6,0,7280,Foraker_2H,10,45,1289,9600,1400,1540,35.2,103.35
115,11,3/1/2013,22356.8,111784,1531.2,0,7750,Foraker_2H,11,45,1289,9600,1400,1540,35.2,103.35
116,12,4/1/2013,19178.4,95892,1254.3,0,6550,Foraker_2H,12,45,1289,9600,1400,1540,35.2,103.35
117,13,5/1/2013,15495.4,77477,856.8999998,0,9300,Foraker_2H,13,45,1289,9600,1400,1540,35.2,103.35
118,14,6/1/2013,16322.4,81612,1005.5,0,10550,Foraker_2H,14,45,1289,9600,1400,1540,35.2,103.35
119,15,7/1/2013,18234.6,91173,1233.5,0,10240,Foraker_2H,15,45,1289,9600,1400,1540,35.2,103.35
120,16,8/1/2013,13285.8,66429,972,1280,7680,Foraker_2H,16,45,1289,9600,1400,1540,35.2,103.35
121,17,9/1/2013,17372.4,86862,1202.9,7540,0,Foraker_2H,17,45,1289,9600,1400,1540,35.2,103.35
122,18,10/1/2013,17574.4,87872,262.1999999,4195,0,Foraker_2H,18,45,1289,9600,1400,1540,35.2,103.35
123,19,11/1/2013,16199.4,80997,820,2400,0,Foraker_2H,19,45,1289,9600,1400,1540,35.2,103.35
124,20,12/1/2013,16095.4,80477,918,2550,0,Foraker_2H,20,45,1289,9600,1400,1540,35.2,103.35
125,21,1/1/2014,15638.4,78192,883.6,2635,0,Foraker_2H,21,45,1289,9600,1400,1540,35.2,103.35
126,22,2/1/2014,13724.2,68621,762,2805,0,Foraker_2H,22,45,1289,9600,1400,1540,35.2,103.35
127,23,3/1/2014,14777,73885,807.1999999,3210,0,Foraker_2H,23,45,1289,9600,1400,1540,35.2,103.35
128,24,4/1/2014,13906.8,69534,754.6999999,3000,0,Foraker_2H,24,45,1289,9600,1400,1540,35.2,103.35
129,25,5/1/2014,14010,70050,715,3100,0,Foraker_2H,25,45,1289,9600,1400,1540,35.2,103.35
130,26,6/1/2014,13265.6,66328,663,3000,0,Foraker_2H,26,45,1289,9600,1400,1540,35.2,103.35
131,27,7/1/2014,13420.2,67101,647,3100,0,Foraker_2H,27,45,1289,9600,1400,1540,35.2,103.35
132,28,8/1/2014,13017.8,65089,691,3100,0,Foraker_2H,28,45,1289,9600,1400,1540,35.2,103.35
133,29,9/1/2014,12424.6,62123,619,3000,0,Foraker_2H,29,45,1289,9600,1400,1540,35.2,103.35
134,30,10/1/2014,12613.4,63067,633,3100,0,Foraker_2H,30,45,1289,9600,1400,1540,35.2,103.35
135,31,11/1/2014,11959,59795,585,3000,0,Foraker_2H,31,45,1289,9600,1400,1540,35.2,103.35
136,32,12/1/2014,12071.6,60358,576,3100,0,Foraker_2H,32,45,1289,9600,1400,1540,35.2,103.35
137,33,1/1/2015,11767.4,58837,573,3100,0,Foraker_2H,33,45,1289,9600,1400,1540,35.2,103.35
138,34,2/1/2015,10347.4,51737,513,2620,0,Foraker_2H,34,45,1289,9600,1400,1540,35.2,103.35
139,35,3/1/2015,11173.4,55867,572,2480,0,Foraker_2H,35,45,1289,9600,1400,1540,35.2,103.35
140,36,4/1/2015,10514,52570,531,2400,4940,Foraker_2H,36,45,1289,9600,1400,1540,35.2,103.35
141,37,5/1/2015,10634.6,53173,540,2480,8830,Foraker_2H,37,45,1289,9600,1400,1540,35.2,103.35
142,38,6/1/2015,10257.8,51289,542.6999999,2400,9000,Foraker_2H,38,45,1289,9600,1400,1540,35.2,103.35
143,39,7/1/2015,10307.8,51539,489,2480,9300,Foraker_2H,39,45,1289,9600,1400,1540,35.2,103.35
144,40,8/1/2015,10294.4,51472,482,2480,9300,Foraker_2H,40,45,1289,9600,1400,1540,35.2,103.35
145,41,9/1/2015,781.8,3909,34,14290,9000,Foraker_2H,41,45,1289,9600,1400,1540,35.2,103.35
146,42,10/1/2015,0,0,0,4900,9300,Foraker_2H,42,45,1289,9600,1400,1540,35.2,103.35
147,43,11/1/2015,0,0,0,900,7000,Foraker_2H,43,45,1289,9600,1400,1540,35.2,103.35
148,44,12/1/2015,6882.4,34412,1393,3880,14050,Foraker_2H,44,45,1289,9600,1400,1540,35.2,103.35
149,45,1/1/2016,11862,59310,2160,3100,21100,Foraker_2H,45,45,1289,9600,1400,1540,35.2,103.35
150,46,2/1/2016,10250.8,51254,780,2900,17400,Foraker_2H,46,45,1289,9600,1400,1540,35.2,103.35
151,47,3/1/2016,10608.2,53041,676,3100,18600,Foraker_2H,47,45,1289,9600,1400,1540,35.2,103.35
152,48,4/1/2016,9497.2,47486,616,3000,18000,Foraker_2H,48,45,1289,9600,1400,1540,35.2,103.35
153,49,5/1/2016,8931.6,44658,850,3100,18600,Foraker_2H,49,45,1289,9600,1400,1540,35.2,103.35
154,50,6/1/2016,8772.8,43864,771,3000,18000,Foraker_2H,50,45,1289,9600,1400,1540,35.2,103.35
155,51,7/1/2016,8868,44340,970,3100,18600,Foraker_2H,51,45,1289,9600,1400,1540,35.2,103.35
156,52,8/1/2016,8344,41720,1155,3100,18600,Foraker_2H,52,45,1289,9600,1400,1540,35.2,103.35
157,53,9/1/2016,7995.4,39977,1005,3000,18000,Foraker_2H,53,45,1289,9600,1400,1540,35.2,103.35
158,54,10/1/2016,7853.6,39268,926,2870,18600,Foraker_2H,54,45,1289,9600,1400,1540,35.2,103.35
159,55,11/1/2016,7380.6,36903,1000,2520,18000,Foraker_2H,55,45,1289,9600,1400,1540,35.2,103.35
160,56,12/1/2016,7729.83454,38649.1727,819,2635,18600,Foraker_2H,56,45,1289,9600,1400,1540,35.2,103.35
161,57,1/1/2017,4356.862526,21784.31263,497,12220,18600,Foraker_2H,57,45,1289,9600,1400,1540,35.2,103.35
162,58,2/1/2017,6331.185256,31655.92628,638,2800,16800,Foraker_2H,58,45,1289,9600,1400,1540,35.2,103.35
163,59,3/1/2017,7047.877679,35239.38839,712,3100,18600,Foraker_2H,59,45,1289,9600,1400,1540,35.2,103.35
164,60,4/1/2017,6546.353857,32731.76928,326,3000,18000,Foraker_2H,60,45,1289,9600,1400,1540,35.2,103.35
165,61,5/1/2017,4512.306758,22561.53379,469,12000,14200,Foraker_2H,61,45,1289,9600,1400,1540,35.2,103.35
166,62,6/1/2017,6728.14116,33640.7058,296,6000,9000,Foraker_2H,62,45,1289,9600,1400,1540,35.2,103.35
167,63,7/1/2017,6570.08273,32850.41365,338,6200,9300,Foraker_2H,63,45,1289,9600,1400,1540,35.2,103.35
168,64,8/1/2017,6540.152889,32700.76444,668.0999995,3560,12980,Foraker_2H,64,45,1289,9600,1400,1540,35.2,103.35
169,65,9/1/2017,5741.683494,28708.41747,1650.199999,3000,15000,Foraker_2H,65,45,1289,9600,1400,1540,35.2,103.35
170,66,10/1/2017,5819.89898,29099.4949,833.1999992,3100,16040,Foraker_2H,66,45,1289,9600,1400,1540,35.2,103.35
171,67,11/1/2017,5391.014193,26955.07097,247.099999,3000,17500,Foraker_2H,67,45,1289,9600,1400,1540,35.2,103.35
172,68,12/1/2017,5236.4,26182,366.0999991,3100,27900,Foraker_2H,68,45,1289,9600,1400,1540,35.2,103.35
173,69,1/1/2018,4442.4,22212,249.6999986,3100,27900,Foraker_2H,69,45,1289,9600,1400,1540,35.2,103.35
174,70,2/1/2018,3894.791263,19473.95631,81.3999994,2380,25000,Foraker_2H,70,45,1289,9600,1400,1540,35.2,103.35
175,71,3/1/2018,3992.191263,19960.95631,36.1999998,2400,26100,Foraker_2H,71,45,1289,9600,1400,1540,35.2,103.35
176,72,4/1/2018,3604.391263,18021.95631,18.6999999,2985,22330,Foraker_2H,72,45,1289,9600,1400,1540,35.2,103.35
177,73,5/1/2018,3822.374881,19111.8744,29.5999997,2720,14800,Foraker_2H,73,45,1289,9600,1400,1540,35.2,103.35
178,74,6/1/2018,3742.792355,18713.96177,205.3999992,2275,13670,Foraker_2H,74,45,1289,9600,1400,1540,35.2,103.35
179,75,7/1/2018,3798,18990,144.5999991,1784,6955,Foraker_2H,75,45,1289,9600,1400,1540,35.2,103.35
180,76,8/1/2018,3637.4,18187,62.5999998,1998,3165,Foraker_2H,76,45,1289,9600,1400,1540,35.2,103.35
181,77,9/1/2018,2670.2,13351,149.5999992,6970,3241,Foraker_2H,77,45,1289,9600,1400,1540,35.2,103.35
182,78,10/1/2018,3977.767235,19888.83618,192.8999992,3285,8910,Foraker_2H,78,45,1289,9600,1400,1540,35.2,103.35
183,79,11/1/2018,3503.2,17516,225.9999992,2866,4710,Foraker_2H,79,45,1289,9600,1400,1540,35.2,103.35
184,80,12/1/2018,6038.2,30191,367.5999992,2266,4245,Foraker_2H,80,45,1289,9600,1400,1540,35.2,103.35
185,81,1/1/2019,6669.6,33348,394.8,2213,4905,Foraker_2H,81,45,1289,9600,1400,1540,35.2,103.35
186,82,2/1/2019,5584.2,27921,334.3,1881,4100,Foraker_2H,82,45,1289,9600,1400,1540,35.2,103.35
187,83,3/1/2019,5857.6,29288,349,1912,4350,Foraker_2H,83,45,1289,9600,1400,1540,35.2,103.35
188,84,4/1/2019,4891.480005,24457.40002,304,1939,4050,Foraker_2H,84,45,1289,9600,1400,1540,35.2,103.35
189,85,5/1/2019,3764.560022,18822.80011,240,1755,3660,Foraker_2H,85,45,1289,9600,1400,1540,35.2,103.35
190,86,6/1/2019,2892.929417,14464.64709,173,2604,7115,Foraker_2H,86,45,1289,9600,1400,1540,35.2,103.35
191,87,7/1/2019,3141.224427,15706.12214,238,2091,12342,Foraker_2H,87,45,1289,9600,1400,1540,35.2,103.35
192,88,8/1/2019,3039.616763,15198.08381,210,1682,21153,Foraker_2H,88,45,1289,9600,1400,1540,35.2,103.35
193,89,9/1/2019,2995.669144,14978.34572,124,1705,20156,Foraker_2H,89,45,1289,9600,1400,1540,35.2,103.35
194,90,10/1/2019,2957.951948,14789.75974,36,1570,23241,Foraker_2H,90,45,1289,9600,1400,1540,35.2,103.35
195,91,11/1/2019,2953.645261,14768.2263,15.5,1415,24804,Foraker_2H,91,45,1289,9600,1400,1540,35.2,103.35
196,92,12/1/2019,2812.859672,14064.29836,12,1530,24505,Foraker_2H,92,45,1289,9600,1400,1540,35.2,103.35
197,93,1/1/2020,2427.553224,12137.76612,26,3800,24739,Foraker_2H,93,45,1289,9600,1400,1540,35.2,103.35
198,94,2/1/2020,2602.138416,13010.69208,22.2,2219,24241,Foraker_2H,94,45,1289,9600,1400,1540,35.2,103.35
199,95,3/1/2020,2643.499045,13217.49522,28,2107,17816,Foraker_2H,95,45,1289,9600,1400,1540,35.2,103.35
200,96,4/1/2020,1800.067931,9000.339656,13,2677,16157,Foraker_2H,96,45,1289,9600,1400,1540,35.2,103.35
201,97,5/1/2020,2576.819997,12884.09999,37.5,2703,20335,Foraker_2H,97,45,1289,9600,1400,1540,35.2,103.35
202,98,6/1/2020,2507.476107,12537.38053,55,2241,22669,Foraker_2H,98,45,1289,9600,1400,1540,35.2,103.35
203,99,7/1/2020,2705.476925,13527.38462,31,1590,23149,Foraker_2H,99,45,1289,9600,1400,1540,35.2,103.35
204,100,8/1/2020,3036.325475,15181.62738,28,1933,25122,Foraker_2H,100,45,1289,9600,1400,1540,35.2,103.35
205,101,9/1/2020,2927.254052,14636.27026,34,1380,24896,Foraker_2H,101,45,1289,9600,1400,1540,35.2,103.35
206,102,10/1/2020,2796.606332,13983.03166,31,1478,25873,Foraker_2H,102,45,1289,9600,1400,1540,35.2,103.35
207,103,11/1/2020,5000,13446.47237,49,1354,23239,Foraker_2H,103,45,1289,9600,1400,1540,35.2,103.35
208,0,1/1/2016,41480,207400,28295,0,17320,Foraker_3H,0,78,860,11000,2100,2310,35.6,104.1
209,1,2/1/2016,42096,210480,15387,0,18500,Foraker_3H,1,78,860,11000,2100,2310,35.6,104.1
210,2,3/1/2016,46995.8,234979,4541,0,9185,Foraker_3H,2,78,860,11000,2100,2310,35.6,104.1
211,3,4/1/2016,40458.2,202291,1347,0,6540,Foraker_3H,3,78,860,11000,2100,2310,35.6,104.1
212,4,5/1/2016,37625.6,188128,1329,0,4810,Foraker_3H,4,78,860,11000,2100,2310,35.6,104.1
213,5,6/1/2016,32518.8,162594,1657,0,3740,Foraker_3H,5,78,860,11000,2100,2310,35.6,104.1
214,6,7/1/2016,31171.4,155857,1705,0,3270,Foraker_3H,6,78,860,11000,2100,2310,35.6,104.1
215,7,8/1/2016,28868.8,144344,1616,0,3100,Foraker_3H,7,78,860,11000,2100,2310,35.6,104.1
216,8,9/1/2016,26145,130725,1619,0,3000,Foraker_3H,8,78,860,11000,2100,2310,35.6,104.1
217,9,10/1/2016,25420.2,127101,2318,0,3100,Foraker_3H,9,78,860,11000,2100,2310,35.6,104.1
218,10,11/1/2016,23304.8,116524,3687,0,3000,Foraker_3H,10,78,860,11000,2100,2310,35.6,104.1
219,11,12/1/2016,22857.55713,114287.7857,5976,0,4720,Foraker_3H,11,78,860,11000,2100,2310,35.6,104.1
220,12,1/1/2017,21647.97215,108239.8608,5586,0,6200,Foraker_3H,12,78,860,11000,2100,2310,35.6,104.1
221,13,2/1/2017,18208.49201,91042.46006,3098,0,5600,Foraker_3H,13,78,860,11000,2100,2310,35.6,104.1
222,14,3/1/2017,19717.6886,98588.443,3267,0,6200,Foraker_3H,14,78,860,11000,2100,2310,35.6,104.1
223,15,4/1/2017,18295.36382,91476.81911,2639,0,6000,Foraker_3H,15,78,860,11000,2100,2310,35.6,104.1
224,16,5/1/2017,18177.72492,90888.62457,1567,0,6200,Foraker_3H,16,78,860,11000,2100,2310,35.6,104.1
225,17,6/1/2017,16693.26266,83466.31331,570,0,6000,Foraker_3H,17,78,860,11000,2100,2310,35.6,104.1
226,18,7/1/2017,15668.49706,78342.48532,461,0,6100,Foraker_3H,18,78,860,11000,2100,2310,35.6,104.1
227,19,8/1/2017,17467.06526,87335.32628,1750.2,600,6900,Foraker_3H,19,78,860,11000,2100,2310,35.6,104.1
228,20,9/1/2017,5718.658567,28593.29283,84.8,3550,4100,Foraker_3H,20,78,860,11000,2100,2310,35.6,104.1
229,21,10/1/2017,10494.39604,52471.9802,178.1999999,3100,5850,Foraker_3H,21,78,860,11000,2100,2310,35.6,104.1
230,22,11/1/2017,10541.30225,52706.51126,396.0999997,3000,3000,Foraker_3H,22,78,860,11000,2100,2310,35.6,104.1
231,23,12/1/2017,11017.2,55086,408.5999996,3100,3100,Foraker_3H,23,78,860,11000,2100,2310,35.6,104.1
232,24,1/1/2018,10974.4,54872,482.2999996,3100,3100,Foraker_3H,24,78,860,11000,2100,2310,35.6,104.1
233,25,2/1/2018,9926.4,49632,1151.999999,2800,2800,Foraker_3H,25,78,860,11000,2100,2310,35.6,104.1
234,26,3/1/2018,10781.8,53909,1143.4,2830,4600,Foraker_3H,26,78,860,11000,2100,2310,35.6,104.1
235,27,4/1/2018,10398.4,51992,699,2930,6000,Foraker_3H,27,78,860,11000,2100,2310,35.6,104.1
236,28,5/1/2018,10500.8,52504,944,2870,6200,Foraker_3H,28,78,860,11000,2100,2310,35.6,104.1
237,29,6/1/2018,10143.2,50716,1100,2285,7100,Foraker_3H,29,78,860,11000,2100,2310,35.6,104.1
238,30,7/1/2018,10264.4,51322,805,1950,7900,Foraker_3H,30,78,860,11000,2100,2310,35.6,104.1
239,31,8/1/2018,10188.2,50941,770,1779,3200,Foraker_3H,31,78,860,11000,2100,2310,35.6,104.1
240,32,9/1/2018,9678,48390,1074.6,2111,3000,Foraker_3H,32,78,860,11000,2100,2310,35.6,104.1
241,33,10/1/2018,9814.6,49073,1007.099999,2534,3100,Foraker_3H,33,78,860,11000,2100,2310,35.6,104.1
242,34,11/1/2018,9398.8,46994,1022.199999,2121,3000,Foraker_3H,34,78,860,11000,2100,2310,35.6,104.1
243,35,12/1/2018,9577.4,47887,1091.299999,2008,3100,Foraker_3H,35,78,860,11000,2100,2310,35.6,104.1
244,36,1/1/2019,9463.8,47319,1104,1943,6000,Foraker_3H,36,78,860,11000,2100,2310,35.6,104.1
245,37,2/1/2019,8408.2,42041,1014,1737,5760,Foraker_3H,37,78,860,11000,2100,2310,35.6,104.1
246,38,3/1/2019,9201.2,46006,1158,1890,6530,Foraker_3H,38,78,860,11000,2100,2310,35.6,104.1
247,39,4/1/2019,8799.459985,43997.29993,1159,1829,6000,Foraker_3H,39,78,860,11000,2100,2310,35.6,104.1
248,40,5/1/2019,8983.219971,44916.09985,1198,1680,6200,Foraker_3H,40,78,860,11000,2100,2310,35.6,104.1
249,41,6/1/2019,8574.56001,42872.80005,1200,1638,6440,Foraker_3H,41,78,860,11000,2100,2310,35.6,104.1
250,42,7/1/2019,8763.980078,43819.90039,1106,1677,7110,Foraker_3H,42,78,860,11000,2100,2310,35.6,104.1
251,43,8/1/2019,8676.06001,43380.30005,1023,1595,4650,Foraker_3H,43,78,860,11000,2100,2310,35.6,104.1
252,44,9/1/2019,8282.619995,41413.09998,881,1505,4500,Foraker_3H,44,78,860,11000,2100,2310,35.6,104.1
253,45,10/1/2019,8447.819995,42239.09998,963,1575,4650,Foraker_3H,45,78,860,11000,2100,2310,35.6,104.1
254,46,11/1/2019,8031.460083,40157.30041,871,1430,4500,Foraker_3H,46,78,860,11000,2100,2310,35.6,104.1
255,47,12/1/2019,8170.51999,40852.59995,941,1510,4650,Foraker_3H,47,78,860,11000,2100,2310,35.6,104.1
256,48,1/1/2020,8022.999976,40114.99988,850,2026,4645,Foraker_3H,48,78,860,11000,2100,2310,35.6,104.1
257,49,2/1/2020,7446.47998,37232.3999,863,1497,10537,Foraker_3H,49,78,860,11000,2100,2310,35.6,104.1
258,50,3/1/2020,7794.540002,38972.70001,911,1976,6370,Foraker_3H,50,78,860,11000,2100,2310,35.6,104.1
259,51,4/1/2020,7512.660025,37563.30012,862,1865,1050,Foraker_3H,51,78,860,11000,2100,2310,35.6,104.1
260,52,5/1/2020,7641.319922,38206.59961,892.0229999,1633,1245,Foraker_3H,52,78,860,11000,2100,2310,35.6,104.1
261,53,6/1/2020,7315.43999,36577.19995,843,1641,1465,Foraker_3H,53,78,860,11000,2100,2310,35.6,104.1
262,54,7/1/2020,7479.979956,37399.89978,862,1650,1690,Foraker_3H,54,78,860,11000,2100,2310,35.6,104.1
263,55,8/1/2020,7397.13999,36985.69995,878,1752,876,Foraker_3H,55,78,860,11000,2100,2310,35.6,104.1
264,56,9/1/2020,7104.480054,35522.40027,817,1395,887,Foraker_3H,56,78,860,11000,2100,2310,35.6,104.1
265,57,10/1/2020,7233.2,36166,842,1391,7897,Foraker_3H,57,78,860,11000,2100,2310,35.6,104.1
266,58,11/1/2020,7000,34373.79993,830,1358,7458,Foraker_3H,58,78,860,11000,2100,2310,35.6,104.1
267,0,1/1/2016,46908.4,234542,28657,0,21780,Foraker_4H,0,34,2050,10340,1300,1430,35.7,102.6
268,1,2/1/2016,44930.8,224654,12144,0,18500,Foraker_4H,1,34,2050,10340,1300,1430,35.7,102.6
269,2,3/1/2016,44730.6,223653,9406,0,14325,Foraker_4H,2,34,2050,10340,1300,1430,35.7,102.6
270,3,4/1/2016,40835.2,204176,7397,0,6895,Foraker_4H,3,34,2050,10340,1300,1430,35.7,102.6
271,4,5/1/2016,37167.8,185839,6614,0,4370,Foraker_4H,4,34,2050,10340,1300,1430,35.7,102.6
272,5,6/1/2016,32038.8,160194,6086,0,3600,Foraker_4H,5,34,2050,10340,1300,1430,35.7,102.6
273,6,7/1/2016,30100.4,150502,5130,0,3500,Foraker_4H,6,34,2050,10340,1300,1430,35.7,102.6
274,7,8/1/2016,27999.6,139998,6203,0,3410,Foraker_4H,7,34,2050,10340,1300,1430,35.7,102.6
275,8,9/1/2016,24826.2,124131,5229,0,4210,Foraker_4H,8,34,2050,10340,1300,1430,35.7,102.6
276,9,10/1/2016,20383.4,101917,3809,0,5100,Foraker_4H,9,34,2050,10340,1300,1430,35.7,102.6
277,10,11/1/2016,13587.6,67938,3731,2800,10050,Foraker_4H,10,34,2050,10340,1300,1430,35.7,102.6
278,11,12/1/2016,12803.73829,64018.69147,4563,5600,11850,Foraker_4H,11,34,2050,10340,1300,1430,35.7,102.6
279,12,1/1/2017,26255.1944,131275.972,8106,0,9050,Foraker_4H,12,34,2050,10340,1300,1430,35.7,102.6
280,13,2/1/2017,19926.42225,99632.11126,3769,0,8150,Foraker_4H,13,34,2050,10340,1300,1430,35.7,102.6
281,14,3/1/2017,20485.05625,102425.2812,3593,0,7200,Foraker_4H,14,34,2050,10340,1300,1430,35.7,102.6
282,15,4/1/2017,18416.62239,92083.11195,2444,0,6000,Foraker_4H,15,34,2050,10340,1300,1430,35.7,102.6
283,16,5/1/2017,12980.2972,64901.48601,534,0,3800,Foraker_4H,16,34,2050,10340,1300,1430,35.7,102.6
284,17,6/1/2017,17573.04082,87865.20409,463,0,6000,Foraker_4H,17,34,2050,10340,1300,1430,35.7,102.6
285,18,7/1/2017,11620.31099,58101.55495,438,0,4200,Foraker_4H,18,34,2050,10340,1300,1430,35.7,102.6
286,19,8/1/2017,17417.79768,87088.9884,1951,600,5700,Foraker_4H,19,34,2050,10340,1300,1430,35.7,102.6
287,20,9/1/2017,1636.890102,8184.450512,210,2000,2000,Foraker_4H,20,34,2050,10340,1300,1430,35.7,102.6
288,21,10/1/2017,10152.33829,50761.69147,176.9999998,3000,12400,Foraker_4H,21,34,2050,10340,1300,1430,35.7,102.6
289,22,11/1/2017,10022.30375,50111.51877,398.1149997,3000,12000,Foraker_4H,22,34,2050,10340,1300,1430,35.7,102.6
290,23,12/1/2017,10174.8,50874,411.5999996,3100,12400,Foraker_4H,23,34,2050,10340,1300,1430,35.7,102.6
291,24,1/1/2018,9991.2,49956,480.2999996,3100,12400,Foraker_4H,24,34,2050,10340,1300,1430,35.7,102.6
292,25,2/1/2018,8899.2,44496,1155.899999,2800,11200,Foraker_4H,25,34,2050,10340,1300,1430,35.7,102.6
293,26,3/1/2018,9639,48195,1016.699999,2560,12400,Foraker_4H,26,34,2050,10340,1300,1430,35.7,102.6
294,27,4/1/2018,9252.8,46264,990.5999988,2880,10650,Foraker_4H,27,34,2050,10340,1300,1430,35.7,102.6
295,28,5/1/2018,9399.8,46999,1018.299999,2930,10850,Foraker_4H,28,34,2050,10340,1300,1430,35.7,102.6
296,29,6/1/2018,8978.4,44892,925.4999992,2320,10500,Foraker_4H,29,34,2050,10340,1300,1430,35.7,102.6
297,30,7/1/2018,9179.4,45897,929.7999991,1945,11970,Foraker_4H,30,34,2050,10340,1300,1430,35.7,102.6
298,31,8/1/2018,9033.8,45169,950.6999986,1724,13145,Foraker_4H,31,34,2050,10340,1300,1430,35.7,102.6
299,32,9/1/2018,8525.6,42628,834.1999992,2135,12635,Foraker_4H,32,34,2050,10340,1300,1430,35.7,102.6
300,33,10/1/2018,8620.8,43104,627.1999992,2538,13020,Foraker_4H,33,34,2050,10340,1300,1430,35.7,102.6
301,34,11/1/2018,8324.6,41623,675.7999992,2110,12515,Foraker_4H,34,34,2050,10340,1300,1430,35.7,102.6
302,35,12/1/2018,8521.4,42607,728.9999993,2007,12865,Foraker_4H,35,34,2050,10340,1300,1430,35.7,102.6
303,36,1/1/2019,8401.2,42006,665.8999999,1948,12720,Foraker_4H,36,34,2050,10340,1300,1430,35.7,102.6
304,37,2/1/2019,7467.6,37338,525.8999999,1736,11400,Foraker_4H,37,34,2050,10340,1300,1430,35.7,102.6
305,38,3/1/2019,8124.2,40621,589,1880,12565,Foraker_4H,38,34,2050,10340,1300,1430,35.7,102.6
306,39,4/1/2019,7744.219995,38721.09998,501,1829,12000,Foraker_4H,39,34,2050,10340,1300,1430,35.7,102.6
307,40,5/1/2019,7903.899927,39519.49963,398,1681,12400,Foraker_4H,40,34,2050,10340,1300,1430,35.7,102.6
308,41,6/1/2019,7563.480005,37817.40002,250,1578,11835,Foraker_4H,41,34,2050,10340,1300,1430,35.7,102.6
309,42,7/1/2019,7741.620044,38708.10022,829,1661,11954,Foraker_4H,42,34,2050,10340,1300,1430,35.7,102.6
310,43,8/1/2019,7644.26001,38221.30005,1022,1595,11789,Foraker_4H,43,34,2050,10340,1300,1430,35.7,102.6
311,44,9/1/2019,7287.180054,36435.90027,881,1505,11409,Foraker_4H,44,34,2050,10340,1300,1430,35.7,102.6
312,45,10/1/2019,7476.240064,37381.20032,963,1575,11780,Foraker_4H,45,34,2050,10340,1300,1430,35.7,102.6
313,46,11/1/2019,7155.660034,35778.30017,871,1430,11400,Foraker_4H,46,34,2050,10340,1300,1430,35.7,102.6
314,47,12/1/2019,7298.82002,36494.1001,941,1490,11780,Foraker_4H,47,34,2050,10340,1300,1430,35.7,102.6
315,48,1/1/2020,7263.14001,36315.70005,851,2059,11576,Foraker_4H,48,34,2050,10340,1300,1430,35.7,102.6
316,49,2/1/2020,6851.52002,34257.6001,863,1491,10546,Foraker_4H,49,34,2050,10340,1300,1430,35.7,102.6
317,50,3/1/2020,7175.399975,35876.99988,922,1585,10954,Foraker_4H,50,34,2050,10340,1300,1430,35.7,102.6
318,51,4/1/2020,6796.06001,33980.30005,862,1824,10802,Foraker_4H,51,34,2050,10340,1300,1430,35.7,102.6
319,52,5/1/2020,6953.819995,34769.09997,888,1633,11160,Foraker_4H,52,34,2050,10340,1300,1430,35.7,102.6
320,53,6/1/2020,6640.059998,33200.29999,843,1666,10751,Foraker_4H,53,34,2050,10340,1300,1430,35.7,102.6
321,54,7/1/2020,6783.519995,33917.59998,862,1667,10540,Foraker_4H,54,34,2050,10340,1300,1430,35.7,102.6
322,55,8/1/2020,6699.46001,33497.30005,878,1740,10656,Foraker_4H,55,34,2050,10340,1300,1430,35.7,102.6
323,56,9/1/2020,6527.280029,32636.40015,817,1397,10233,Foraker_4H,56,34,2050,10340,1300,1430,35.7,102.6
324,57,10/1/2020,6644.619995,33223.09998,838,1386,10686,Foraker_4H,57,34,2050,10340,1300,1430,35.7,102.6
325,58,11/1/2020,7000,31810.00012,830,1384,9909,Foraker_4H,58,34,2050,10340,1300,1430,35.7,102.6
326,0,1/1/2016,19710.2,98551,22615,0,12720,Foraker_5H,0,65,970,10250,1950,2145,35.2,104.2
327,1,2/1/2016,40863.4,204317,15073,0,10660,Foraker_5H,1,65,970,10250,1950,2145,35.2,104.2
328,2,3/1/2016,38890.8,194454,10346,0,11870,Foraker_5H,2,65,970,10250,1950,2145,35.2,104.2
329,3,4/1/2016,35100.8,175504,5404,0,8545,Foraker_5H,3,65,970,10250,1950,2145,35.2,104.2
330,4,5/1/2016,37006.6,185033,862,0,7070,Foraker_5H,4,65,970,10250,1950,2145,35.2,104.2
331,5,6/1/2016,33202.6,166013,1617,0,3690,Foraker_5H,5,65,970,10250,1950,2145,35.2,104.2
332,6,7/1/2016,31169.2,155846,1734,0,3270,Foraker_5H,6,65,970,10250,1950,2145,35.2,104.2
333,7,8/1/2016,29767.6,148838,1595,0,3100,Foraker_5H,7,65,970,10250,1950,2145,35.2,104.2
334,8,9/1/2016,27668.4,138342,1420,0,3000,Foraker_5H,8,65,970,10250,1950,2145,35.2,104.2
335,9,10/1/2016,26631.4,133157,1940,0,3100,Foraker_5H,9,65,970,10250,1950,2145,35.2,104.2
336,10,11/1/2016,24315.4,121577,3109,0,3000,Foraker_5H,10,65,970,10250,1950,2145,35.2,104.2
337,11,12/1/2016,15625.94894,78129.74471,2850,0,2720,Foraker_5H,11,65,970,10250,1950,2145,35.2,104.2
338,12,1/1/2017,25706.61502,128533.0751,8006,0,9400,Foraker_5H,12,65,970,10250,1950,2145,35.2,104.2
339,13,2/1/2017,20488.07263,102440.3631,4189,0,7000,Foraker_5H,13,65,970,10250,1950,2145,35.2,104.2
340,14,3/1/2017,20532.11181,102660.559,3154,0,7200,Foraker_5H,14,65,970,10250,1950,2145,35.2,104.2
341,15,4/1/2017,20010.88096,100054.4048,2786,0,6000,Foraker_5H,15,65,970,10250,1950,2145,35.2,104.2
342,16,5/1/2017,17460.02703,87300.13515,1909,0,6000,Foraker_5H,16,65,970,10250,1950,2145,35.2,104.2
343,17,6/1/2017,18749.22881,93746.14403,1076,0,9000,Foraker_5H,17,65,970,10250,1950,2145,35.2,104.2
344,18,7/1/2017,14701.04273,73505.21365,348,0,7800,Foraker_5H,18,65,970,10250,1950,2145,35.2,104.2
345,19,8/1/2017,14210.57898,71052.89488,1230,600,5920,Foraker_5H,19,65,970,10250,1950,2145,35.2,104.2
346,20,9/1/2017,7065.774881,35328.8744,513.3999996,6800,13900,Foraker_5H,20,65,970,10250,1950,2145,35.2,104.2
347,21,10/1/2017,10312.40765,51562.03823,215.8999997,3100,18700,Foraker_5H,21,65,970,10250,1950,2145,35.2,104.2
348,22,11/1/2017,10785.89215,53929.46075,400.0999997,3000,18000,Foraker_5H,22,65,970,10250,1950,2145,35.2,104.2
349,23,12/1/2017,10941.2,54706,407.5999996,3100,18600,Foraker_5H,23,65,970,10250,1950,2145,35.2,104.2
350,24,1/1/2018,10696.24,53481.2,486.2999996,3100,18600,Foraker_5H,24,65,970,10250,1950,2145,35.2,104.2
351,25,2/1/2018,9624.4,48122,1159.599999,2800,16800,Foraker_5H,25,65,970,10250,1950,2145,35.2,104.2
352,26,3/1/2018,10463.2,52316,1187.4,2560,17900,Foraker_5H,26,65,970,10250,1950,2145,35.2,104.2
353,27,4/1/2018,10141.4,50707,285.9999993,2940,16440,Foraker_5H,27,65,970,10250,1950,2145,35.2,104.2
354,28,5/1/2018,10132,50660,1080.8,2970,15950,Foraker_5H,28,65,970,10250,1950,2145,35.2,104.2
355,29,6/1/2018,9719,48595,1105,2320,15000,Foraker_5H,29,65,970,10250,1950,2145,35.2,104.2
356,30,7/1/2018,9774.2,48871,755,1975,15290,Foraker_5H,30,65,970,10250,1950,2145,35.2,104.2
357,31,8/1/2018,9639.2,48196,661.9999999,1794,14901,Foraker_5H,31,65,970,10250,1950,2145,35.2,104.2
358,32,9/1/2018,9188,45940,1090.6,2133,14282,Foraker_5H,32,65,970,10250,1950,2145,35.2,104.2
359,33,10/1/2018,9111,45555,1009.199999,2530,14610,Foraker_5H,33,65,970,10250,1950,2145,35.2,104.2
360,34,11/1/2018,8778.2,43891,1021.799999,2111,13885,Foraker_5H,34,65,970,10250,1950,2145,35.2,104.2
361,35,12/1/2018,8985.2,44926,1091.399999,2008,14105,Foraker_5H,35,65,970,10250,1950,2145,35.2,104.2
362,36,1/1/2019,8795.2,43976,1096,1948,13815,Foraker_5H,36,65,970,10250,1950,2145,35.2,104.2
363,37,2/1/2019,7885,39425,1017,1736,12300,Foraker_5H,37,65,970,10250,1950,2145,35.2,104.2
364,38,3/1/2019,8531,42655,1146,1880,13495,Foraker_5H,38,65,970,10250,1950,2145,35.2,104.2
365,39,4/1/2019,8136.8,40684,1161,1829,12900,Foraker_5H,39,65,970,10250,1950,2145,35.2,104.2
366,40,5/1/2019,8281.07998,41405.3999,1199,1675,13330,Foraker_5H,40,65,970,10250,1950,2145,35.2,104.2
367,41,6/1/2019,7855.680029,39278.40015,1201,1578,12680,Foraker_5H,41,65,970,10250,1950,2145,35.2,104.2
368,42,7/1/2019,8014.73999,40073.69995,1106,1670,12689,Foraker_5H,42,65,970,10250,1950,2145,35.2,104.2
369,43,8/1/2019,7897.119995,39485.59997,1023,1595,12528,Foraker_5H,43,65,970,10250,1950,2145,35.2,104.2
370,44,9/1/2019,7487.019971,37435.09985,881,1505,11855,Foraker_5H,44,65,970,10250,1950,2145,35.2,104.2
371,45,10/1/2019,7682.32002,38411.6001,963,1575,12245,Foraker_5H,45,65,970,10250,1950,2145,35.2,104.2
372,46,11/1/2019,7305.199975,36525.99988,871,1430,11850,Foraker_5H,46,65,970,10250,1950,2145,35.2,104.2
373,47,12/1/2019,7450.899926,37254.49963,941,1510,12245,Foraker_5H,47,65,970,10250,1950,2145,35.2,104.2
374,48,1/1/2020,7327.86001,36639.30005,850,1661,11901,Foraker_5H,48,65,970,10250,1950,2145,35.2,104.2
375,49,2/1/2020,6746.940015,33734.70007,863,1501,10503,Foraker_5H,49,65,970,10250,1950,2145,35.2,104.2
376,50,3/1/2020,7102.759961,35513.7998,911,1609,11335,Foraker_5H,50,65,970,10250,1950,2145,35.2,104.2
377,51,4/1/2020,6808.580005,34042.90003,862,1860,11098,Foraker_5H,51,65,970,10250,1950,2145,35.2,104.2
378,52,5/1/2020,7058.17998,35290.8999,888,1675,11470,Foraker_5H,52,65,970,10250,1950,2145,35.2,104.2
379,53,6/1/2020,6805.059961,34025.29981,842,1652,11141,Foraker_5H,53,65,970,10250,1950,2145,35.2,104.2
380,54,7/1/2020,7008.360034,35041.80017,862,1642,11315,Foraker_5H,54,65,970,10250,1950,2145,35.2,104.2
381,55,8/1/2020,6902.259961,34511.2998,878,1726,11170,Foraker_5H,55,65,970,10250,1950,2145,35.2,104.2
382,56,9/1/2020,6648.96001,33244.80005,817,1395,10645,Foraker_5H,56,65,970,10250,1950,2145,35.2,104.2
383,57,10/1/2020,6719.499976,33597.49988,858,1423,10693,Foraker_5H,57,65,970,10250,1950,2145,35.2,104.2
384,58,11/1/2020,7000,32329,830,1397,10221,Foraker_5H,58,65,970,10250,1950,2145,35.2,104.2
385,0,1/1/2016,22800.6,114003,23402,0,21020,Foraker_6H,0,76,880,10070,1980,2178,35.1,103.6
386,1,2/1/2016,44904.4,224522,12270,0,28280,Foraker_6H,1,76,880,10070,1980,2178,35.1,103.6
387,2,3/1/2016,47973.6,239868,7411,0,28320,Foraker_6H,2,76,880,10070,1980,2178,35.1,103.6
388,3,4/1/2016,46892.6,234463,5344,0,16115,Foraker_6H,3,76,880,10070,1980,2178,35.1,103.6
389,4,5/1/2016,45680,228400,4577,0,6210,Foraker_6H,4,76,880,10070,1980,2178,35.1,103.6
390,5,6/1/2016,37448,187240,4275,0,3900,Foraker_6H,5,76,880,10070,1980,2178,35.1,103.6
391,6,7/1/2016,32033.4,160167,5133,0,4865,Foraker_6H,6,76,880,10070,1980,2178,35.1,103.6
392,7,8/1/2016,32962.6,164813,3956,0,3720,Foraker_6H,7,76,880,10070,1980,2178,35.1,103.6
393,8,9/1/2016,29482.2,147411,2163,0,3600,Foraker_6H,8,76,880,10070,1980,2178,35.1,103.6
394,9,10/1/2016,28525.2,142626,2682,0,3720,Foraker_6H,9,76,880,10070,1980,2178,35.1,103.6
395,10,11/1/2016,26395.4,131977,2763,0,3600,Foraker_6H,10,76,880,10070,1980,2178,35.1,103.6
396,11,12/1/2016,25431.60928,127158.0464,6536,0,6490,Foraker_6H,11,76,880,10070,1980,2178,35.1,103.6
397,12,1/1/2017,24166.24915,120831.2457,5569,0,7500,Foraker_6H,12,76,880,10070,1980,2178,35.1,103.6
398,13,2/1/2017,19804.7615,99023.80751,3763,0,5850,Foraker_6H,13,76,880,10070,1980,2178,35.1,103.6
399,14,3/1/2017,21269.91891,106349.5945,4040,0,6200,Foraker_6H,14,76,880,10070,1980,2178,35.1,103.6
400,15,4/1/2017,19712.6613,98563.30648,2532,0,6000,Foraker_6H,15,76,880,10070,1980,2178,35.1,103.6
401,16,5/1/2017,17507.88696,87539.43481,1728,0,6200,Foraker_6H,16,76,880,10070,1980,2178,35.1,103.6
402,17,6/1/2017,18660.54717,93302.73584,431,0,6000,Foraker_6H,17,76,880,10070,1980,2178,35.1,103.6
403,18,7/1/2017,18512.34225,92561.71126,421,0,5800,Foraker_6H,18,76,880,10070,1980,2178,35.1,103.6
404,19,8/1/2017,17690.47863,88452.39317,2254.1,600,3150,Foraker_6H,19,76,880,10070,1980,2178,35.1,103.6
405,20,9/1/2017,16428.22321,82141.11604,927.7999995,3000,3000,Foraker_6H,20,76,880,10070,1980,2178,35.1,103.6
406,21,10/1/2017,16423.397,82116.98499,193.3999998,3100,3100,Foraker_6H,21,76,880,10070,1980,2178,35.1,103.6
407,22,11/1/2017,15157.04232,75785.2116,404.0999997,3000,3000,Foraker_6H,22,76,880,10070,1980,2178,35.1,103.6
408,23,12/1/2017,15256.8,76284,410.5999996,3100,3100,Foraker_6H,23,76,880,10070,1980,2178,35.1,103.6
409,24,1/1/2018,14630.4,73152,485.2999996,3100,3100,Foraker_6H,24,76,880,10070,1980,2178,35.1,103.6
410,25,2/1/2018,12955.8,64779,1155.499999,2800,2800,Foraker_6H,25,76,880,10070,1980,2178,35.1,103.6
411,26,3/1/2018,13126.2,65631,1138.299999,2560,4660,Foraker_6H,26,76,880,10070,1980,2178,35.1,103.6
412,27,4/1/2018,12722,63610,685.4999997,3180,3300,Foraker_6H,27,76,880,10070,1980,2178,35.1,103.6
413,28,5/1/2018,13560.6,67803,1084.8,2860,2860,Foraker_6H,28,76,880,10070,1980,2178,35.1,103.6
414,29,6/1/2018,9381,46905,695,2425,2425,Foraker_6H,29,76,880,10070,1980,2178,35.1,103.6
415,30,7/1/2018,11909.6,59548,632.1999998,2730,2720,Foraker_6H,30,76,880,10070,1980,2178,35.1,103.6
416,31,8/1/2018,12534.6,62673,649.5999998,2038,2035,Foraker_6H,31,76,880,10070,1980,2178,35.1,103.6
417,32,9/1/2018,5718,28590,302.8349997,2388,1445,Foraker_6H,32,76,880,10070,1980,2178,35.1,103.6
418,33,10/1/2018,8974.2,44871,1006.099999,2535,1505,Foraker_6H,33,76,880,10070,1980,2178,35.1,103.6
419,34,11/1/2018,8735.2,43676,1020.499999,2111,1530,Foraker_6H,34,76,880,10070,1980,2178,35.1,103.6
420,35,12/1/2018,8982.4,44912,1091.299999,2008,1885,Foraker_6H,35,76,880,10070,1980,2178,35.1,103.6
421,36,1/1/2019,8944,44720,1085,1930,1964,Foraker_6H,36,76,880,10070,1980,2178,35.1,103.6
422,37,2/1/2019,8049.6,40248,1017,1736,1728,Foraker_6H,37,76,880,10070,1980,2178,35.1,103.6
423,38,3/1/2019,8882,44410,1149,1880,1940,Foraker_6H,38,76,880,10070,1980,2178,35.1,103.6
424,39,4/1/2019,8501.1,42505.5,1159,1829,1950,Foraker_6H,39,76,880,10070,1980,2178,35.1,103.6
425,40,5/1/2019,8714.040015,43570.20007,1199,1680,2015,Foraker_6H,40,76,880,10070,1980,2178,35.1,103.6
426,41,6/1/2019,8334.640064,41673.20032,1201,1578,1950,Foraker_6H,41,76,880,10070,1980,2178,35.1,103.6
427,42,7/1/2019,8514.660034,42573.30017,1106,1664,1986,Foraker_6H,42,76,880,10070,1980,2178,35.1,103.6
428,43,8/1/2019,8427.140039,42135.7002,1023,1595,1869,Foraker_6H,43,76,880,10070,1980,2178,35.1,103.6
429,44,9/1/2019,8021.019995,40105.09998,881,1505,1809,Foraker_6H,44,76,880,10070,1980,2178,35.1,103.6
430,45,10/1/2019,8136.499976,40682.49988,963,1575,1860,Foraker_6H,45,76,880,10070,1980,2178,35.1,103.6
431,46,11/1/2019,7737.080029,38685.40015,871,1430,1800,Foraker_6H,46,76,880,10070,1980,2178,35.1,103.6
432,47,12/1/2019,8000.719946,40003.59973,941,1490,1860,Foraker_6H,47,76,880,10070,1980,2178,35.1,103.6
433,48,1/1/2020,7864.899951,39324.49976,850,1995,1810,Foraker_6H,48,76,880,10070,1980,2178,35.1,103.6
434,49,2/1/2020,7326.539917,36632.69959,863,1489,2446,Foraker_6H,49,76,880,10070,1980,2178,35.1,103.6
435,50,3/1/2020,7427.559985,37137.79993,856,2697,2453,Foraker_6H,50,76,880,10070,1980,2178,35.1,103.6
436,51,4/1/2020,7506.959961,37534.79981,862,1818,1800,Foraker_6H,51,76,880,10070,1980,2178,35.1,103.6
437,52,5/1/2020,7563.46001,37817.30005,888,1633,2020,Foraker_6H,52,76,880,10070,1980,2178,35.1,103.6
438,53,6/1/2020,7217.999976,36089.99988,843,1620,2271,Foraker_6H,53,76,880,10070,1980,2178,35.1,103.6
439,54,7/1/2020,7357.040015,36785.20007,862,1632,2915,Foraker_6H,54,76,880,10070,1980,2178,35.1,103.6
440,55,8/1/2020,7073.320044,35366.60022,829,2114,2640,Foraker_6H,55,76,880,10070,1980,2178,35.1,103.6
441,56,9/1/2020,7064.480005,35322.40003,817,1397,2701,Foraker_6H,56,76,880,10070,1980,2178,35.1,103.6
442,57,10/1/2020,7160.52002,35802.6001,862,1424,2196,Foraker_6H,57,76,880,10070,1980,2178,35.1,103.6
443,58,11/1/2020,7500,34083.10034,830,1355,2708,Foraker_6H,58,76,880,10070,1980,2178,35.1,103.6
